Image Name,Alt Tag
3d-house-interior-2024-10-18-04-23-46-utc.jpg,3d house interior
3d-rendering-beige-sofa-contemporary-wood-living-r-2025-01-07-23-20-42-utc.jpg,3d rendering beige sofa contemporary wood living room
54683-stone-fireplace-in-living-room-2025-04-05-09-23-20-utc.jpg,Stone fireplace in living room
a-builder-sweeping-and-tidying-up-in-a-renovated-r-2025-04-04-00-29-21-utc.jpg,A builder sweeping and tidying up in a renovated room
a-construction-site-a-domestic-house-being-built-2025-04-04-08-31-53-utc.jpg,A construction site a domestic house being built
a-large-house-in-a-nice-neighborhood-with-an-attac-2025-02-02-14-52-49-utc.jpg,A large house in a nice neighborhood with an attached garage
active-senior-caucasian-couple-signing-an-agreemen-2025-04-04-11-10-57-utc.jpg,Active senior caucasian couple signing an agreement
architect-engineer-team-discusses-modern-house-mod-2025-03-08-14-31-58-utc.jpg,Architect engineer team discusses modern house model
beautiful-two-story-house-surrounded-by-lush-green-2025-02-11-23-57-28-utc.jpg,Beautiful two story house surrounded by lush greenery
black-real-estate-agent-showing-property-to-her-cl-2024-12-13-22-29-55-utc.jpg,Black real estate agent showing property to her client
business-woman-handshake-and-applause-deal-with-s-2025-04-05-22-52-06-utc.jpg,Business woman handshake and applause deal with partner
contemporary-black-house-exterior-with-wooden-gara-2025-02-10-06-40-46-utc.jpg,Contemporary black house exterior with wooden garage
couple-making-an-agreement-with-estate-agent-2024-09-15-17-52-26-utc.jpg,Couple making an agreement with estate agent
customers-who-choose-to-buy-a-condominium-room-and-2024-11-01-18-28-48-utc.jpg,Customers who choose to buy a condominium room
docusign-P9kDDB8APmE-unsplash.jpg,Docusign
electrician-contractor-with-electric-cable-at-a-co-2025-03-15-07-05-21-utc.jpg,Electrician contractor with electric cable at a construction site
exterior-design-of-a-modern-house-exterior-with-wa-2025-02-10-06-45-01-utc.jpg,Exterior design of a modern house exterior with walkway
family-home-portrait-parents-and-son-spending-tim-2025-03-18-15-18-27-utc.jpg,Family home portrait parents and son spending time
family-with-cardboard-boxes-and-labrador-dog-stand-2024-11-19-07-47-21-utc.jpg,Family with cardboard boxes and labrador dog standing
father-with-toddler-son-building-wooden-frame-hous-2025-01-16-23-38-03-utc (1).jpg,Father with toddler son building wooden frame house
father-with-toddler-son-building-wooden-frame-hous-2025-01-16-23-38-03-utc.jpg,Father with toddler son building wooden frame house
fraser-heights-surrey-greater-vancouver-bc-can-2025-03-14-01-09-34-utc.jpg,Fraser heights surrey greater vancouver bc canada
grandfather-taking-picture-of-his-wife-daughter-a-2025-02-12-04-56-11-utc.jpg,Grandfather taking picture of his wife daughter and grandchild
greg-rosenke-Vl8HcVhuUt0-unsplash.jpg,Man in a hard hat at a construction site
happy-mixed-family-of-father-mother-and-daughter-o-2025-01-26-15-43-13-utc.jpg,Happy mixed family of father mother and daughter outdoors
happy-outdoor-and-portrait-of-senior-couple-stand-2025-04-06-10-33-36-utc.jpg,Happy outdoor and portrait of senior couple standing
high-angle-shot-of-a-cozy-living-room-2025-02-08-01-04-48-utc.jpg,High angle shot of a cozy living room
ian-macdonald-W8z6aiwfi1E-unsplash.jpg,House exterior with a blue sky
interior-living-room-of-a-forest-house-3d-renderin-2024-10-18-07-51-34-utc.jpg,Interior living room of a forest house 3d rendering
interior-of-modern-living-room-2024-10-18-04-39-19-utc.jpg,Interior of modern living room
interior-shot-of-dining-table-2024-12-07-02-57-11-utc.jpg,Interior shot of dining table
joyful-mixed-race-family-posing-on-camera-against-2025-01-25-02-07-33-utc.jpg,Joyful mixed race family posing on camera against a house
laughing-brunette-elegant-woman-giving-pointers-t-2025-08-31-03-28-56-utc.jpg,Laughing brunette elegant woman giving pointers to colleague
laughing-senior-friends-with-happy-women-2025-01-08-02-50-17-utc.jpg,Laughing senior friends with happy women
modern-luxury-home-with-pool-at-dusk-2025-02-10-06-40-44-utc.jpg,Modern luxury home with pool at dusk
multiracial-team-of-architects-having-a-meeting-wh-2025-04-01-13-10-07-utc.jpg,Multiracial team of architects having a meeting
open-plan-apartment-interior-2025-04-03-04-21-02-utc.jpg,Open plan apartment interior
portrait-of-a-latin-family-with-afro-hair-with-a-7-2025-01-08-03-41-40-utc.jpg,Portrait of a latin family with afro hair with a 7 year old
portrait-of-a-young-couple-standing-outside-their-2025-04-05-13-10-04-utc.jpg,Portrait of a young couple standing outside their home
portrait-of-happy-caucasian-couple-sitting-on-terr-2025-04-04-05-17-17-utc.jpg,Portrait of happy caucasian couple sitting on terrace
portrait-of-happy-new-house-owners-looking-at-came-2025-08-27-11-01-25-utc.jpg,Portrait of happy new house owners looking at camera
portrait-of-multi-generation-hispanic-family-relax-2024-10-19-17-32-24-utc.jpg,Portrait of multi generation hispanic family relaxing
portrait-of-senior-couple-standing-outside-front-d-2024-10-22-12-30-23-utc.jpg,Portrait of senior couple standing outside front door
portrait-of-smiling-couple-standing-in-front-of-th-2024-09-23-03-26-34-utc.jpg,Portrait of smiling couple standing in front of their house
portrait-of-smiling-mature-couple-standing-in-fron-2024-09-21-17-43-42-utc.jpg,Portrait of smiling mature couple standing in front of their house
portrait-of-successful-and-smiling-business-team-w-2025-01-10-04-29-07-utc.jpg,Portrait of successful and smiling business team
quiet-residential-street-in-mission-bc-canada-on-2025-03-16-13-24-27-utc.jpg,Quiet residential street in mission bc canada
real-estate-agent-giving-keys-to-interracial-coupl-2024-11-07-21-37-51-utc.jpg,Real estate agent giving keys to interracial couple
roger-starnes-sr-WhYsgTb1LMQ-unsplash.jpg,House with a large front yard
senior-couple-holding-keys-and-standing-outside-th-2025-04-01-13-23-24-utc.jpg,Senior couple holding keys and standing outside their new home
shot-of-a-group-of-coworkers-having-a-meeting-in-a-2025-04-06-12-38-32-utc.jpg,Shot of a group of coworkers having a meeting in an office
shot-of-an-unrecognisable-group-of-businesspeople-2025-04-06-07-33-38-utc.jpg,Shot of an unrecognisable group of businesspeople
singing-in-paintroller-during-renovation-2025-03-13-23-18-24-utc.jpg,Singing in paintroller during renovation
smiling-mature-couple-embracing-in-garden-of-their-2024-09-19-01-31-00-utc.jpg,Smiling mature couple embracing in garden of their new home
tazz-anderson-ya9POX9IxVM-unsplash (1).jpg,Modern house exterior
together-forever-is-how-well-stay-portrait-of-a-c-2025-04-06-11-51-00-utc (1).jpg,Together forever is how we'll stay portrait of a couple
vitaly-gariev-4_gR8nkzeuQ-unsplash.jpg,Modern house with a clean design
white-living-room-interior-with-grey-corner-couch-2024-10-18-09-07-23-utc.JPG,White living room interior with grey corner couch
young-happy-family-having-fun-on-sofa-in-bright-in-2024-10-16-17-43-16-utc.jpg,Young happy family having fun on sofa in bright interior
